author,name
by BambooHR,BambooHR
by Zoho,Zoho Recruit
by TargetRecruit,TargetRecruit
by Conrep,Conrep
by skeeled,skeeled
by Recooty,Recooty
by Evalato,Evalato
by Indeed,Indeed
by iCIMS,iCIMS Recruit
by Workday,Workday Recruiting
by Workable Software,Workable
by Hyrell,Hyrell
by Oracle,Oracle Taleo Cloud Service
by CATS Software,CATS
by iKraft Solutions,iSmartRecruit
by CleverStaff,CleverStaff
by talentReef,talentReef
by Monster,Monster TMS
by Advanced Personnel Systems,SmartSearch
by CareerBuilder,CareerBuilder Applicant Tracking
by Vultus,Vultus Recruit
by BlackDog Recruiting Software,Gopher
by SAP,SAP SuccessFactors
by TalentNest,TalentNest
by Remedy HCMS,Chameleon-i
by TalentLyft,TalentLyft
by TalentWall,TalentWall
by Safari Software Products,SAFARI
by TempWorks Software,Enterprise Infinity
by Applicant Starter.com,Applicantstarter
by TargetX,Recruitment CRM
by Oleeo,Oleeo (formerly WCN)
by PCR Educator,PCR Educator Admissions
by NEOGOV,NEOGOV
by BidRecruit,BidRecruit
by Oorwin Labs,Oorwin
by Zeyospace,Talent Pathway
by Bayt.com,Talentera
by Hireology,Hireology
by Zwayam,Zwayam
by Apptrino,Apptrino
by Smaclify Technologies,MyNextHire
by Erecruit,erecruit
by Cornerstone OnDemand,Cornerstone Recruiting
by HireMojo,HireMojo
by Erecruit,Adapt
by eddy,eddy
by SkillSurvey,SkillSurvey
by ishore software,iRecruit
by Cost Management Services,iRecruit
by Talemetry,HireDesk
by SumTotal Systems,SumTotal Talent
by IT World Web.com,iClickats
by Jobkitten,Jobkitten
by Recruitive,Recruitive Software
by Talentnow Solutions,Talentnow RecruitX
by eRecruitment Solutions,eRecruiter
by HireCraft Software,HireCraft Staffing
by Better Chains,Applicant Tracking System
by employAstar,employAstar
by CVWarehouse,CVWarehouse
by HireGround Software Solutions,StartDate
by InHiro,InHiro
by Saba Lumesse,TalentLink
by Yello,Yello
by LeoForce,LeoForce
by HRBoss,HiringBoss
by JobFlo,JobFlo
by MyPeopleBiz,MyPeopleBiz
by Career Harmony,ROMA
by HRWARE,APERIO
by Kickresume,Kickresume for Business
by ResuWe,ResuWe
by Arca24.com,Talentum
by AkkenCloud,AkkenCloud
by Visibility Software,Cyber Recruiter
by Redmatch,Redmatch
by rekroot,rekroot
by Vizirecruiter,Vizirecruiter
by Qandidate.com,Qandidate.com
by Hoops,Hoops
by Osclass,Osclass.com
by TalentRecruit,TalentRecruit
by Inetgen,Alchemus
by Manatal,Manatal
by Nextal,Nextal
by OneRecruit,OneRecruit
by Facteye Tech Labs,Param
by Sovren Group,Resume Parser
by StaffCV,StaffCV
by Zoniac,Zoniac Swift
by Daxtra Technologies,Daxtra
by iKrut,iKrut
by SnapIT solutions India,99ATS
by Avom Consultants,AvomHR
by BlueSky Medical Staffing Software,BlueSky Medical Staffing
by Croner Group,Croner Simply Personnel
by Datex Software,E-Staff
by HireWho,HireWho
by HRMC,HRMC Acclaim
by Insights For Performance,IFP
by iintegra,iintegra
by Ravar Group,Jobitus ATS
by Jobtrain,Jobtrain
by MyRecruitmentPlus,myrecruitment+
by Njoyn,Njoyn
by Onblick,OnBlick HR & Immigration Compliance
by Screen interactive,Persia
by HealthcareSource HR,Position Manager
by Finix Info Solution,Recruit24x7
by RecruitAdvantage,RecruitAdvantage
by DEXTER,SB-Recruiting
by Shortlister Solutions,Shortlister
by StaffOnDemand,StaffOnDemand
by Nadlas Infotech,Star ATS
by TeamExpander,TeamExpander
by TRAFFIT,TRAFFIT
by Solutions Techso,TS-Talent
by Maxohire,Applicant Tracking System
by Cavall,Cavall
by BoundlessHR,Cavall
by HireLoop,HireLoop
by ImageTrend,HireTouch
by RecruitmentForce,HRS Recruitment Software
by Influence,Influence Recruitment Software
by Hirezon,Interview Exchange
by iStaff Systems,iStaff Systems
by Learning Machine,SlideRoom
by Automated Business Designs,Ultra-Staff Software
by OpenCATS,OpenCATS
by Symphony Talent,Symphony Talent
by 123 Software Brands,123Applicant
by 1ntelligence,1ntelligence
by Digitec Systems,1stSelect
by 50skills,50skills
by Acendre,Acendre Recruitment
by ActionHRM,ActionHRM Recruiting
by Advorto,Advorto ATS
by HireAbility,Alex Resume Parser
by AppliView Technologies,AppliView
by AppVault,AppVault
by Ascendify,Ascendify
by Intersection Ventures,Atomic Hire
by Beetween,Beetween
by Micron Systems,BizCruite
by Candidate Manager,Candidate Manager
by Avesta Systems,CandidateCare
by Careerlister,Careerlister
by Harbour ATS,Complete ATS
by Swiftpro,CVPlus Visual
by CVTracer Software,CVTracer Professional
by e-nGauge,e-nGauge
by EXACTA,EBIS II
by Employfy,Employfy
by EmployInsight,EmployInsight
by FastCollab,FastCollab
by Nilwall Group,feedsixty
by Fill Staff,Fill Staff ATS For Recruiters
by Kioskemploi,GestMax
by GrowRecruit,GrowRecruit
by Happo Group,Happo
by Hire Complete,Hire Complete
by Hireserve,Hireserve ATS
by Hiring Made Easy,Hiring Made Easy
by Homerun,Homerun
by dna Gesellschaft für IT Services,HReCRUITING
by IDEAL.com,Ideal
by Greentree Systems,iGreentree
by TalentBridge Technologies,iHiring
by Intervieweb,In-recruiting
by Indivizo,Indivizo
by JobAps,JobAps
by Joboxx Recruitment Technologies,Joboxx
by NextGen Web Solutions,JobX
by Joonko,Joonko
by Pacific Reach Advisors,Kaizen Recruit
by Kippr,Kippr
by MOMENTUM TECHNOLOGIES,Manitou Talent
by Infinix,MatchBoard
by Avidweb Technologies,matchhire
by O.I.S. Media,MedCruiter.com
by Mercury xRM,Mercury xRM
by Gambit Communications,MIMIC NetFlow Simulator
by Windgate Consulting,MosaicTrack
by Coolersoft,mploy
by NECT,NECT
by On-apply GmbH,onapply
by Optimize,Optimize
by PageUp People,PageUp Recruiting
by PASS Technology,PASS
by Peoplebank,Peoplebank
by Perform Zone,Perform Zone
by PhoenixATS,PhoenixATS
by Randstad Belgium,Ploy
by Precedent HR,Precedent HR
by Prevue HR Systems,Prevue APS Pro
by PRIM Software,PRIM
by Microdec,Profile RPM
by Proven,Proven
by Epazz,Provitrac
by Rchilli,Rchilli Resume Parser Web API
by CiiVSoft,RECRUiiT
by Recruit CRM,Recruit CRM
by CloudGofer,Recruiting App
by RecruitingWare,RecruitingWare
by Recruitool,Recruitool
by 24x7 Software Technologies,RecruitPro 360
by DGCC.com,RecruitTrack
by Auklabs,Recruiz
by Ignite OÜ,Recrur
by rekruta,Rekruta
by ScaleneWorks,ReSOLUTE
by NetEdge Computing Solutions,Resource Datamine
by Sarm Software,Resume Manager
by ResumeWare Services,ResumeWare
by RolePoint,RolePoint
by SDMS,SDMS V Recruitment & Selection
by SENTIO,SENTIO
by The Corporate Advocate,Simplifly
by Skillmirror,Skillmirror
by Platina Software,SkillPoint
by Aotal,Snaphire
by SourceGain,SourceGain
by StaffASAP,StaffASAP
by Anexian Development,StaffWerks
by Starhunter,Starhunter
by Subscribe-Software,Subscribe-HR
by Taleevo,Taleevo
by Talent Chaser,Talent Chaser
by PeopleCapital,Talent Hunter
by HR Manager Talent Solutions,Talent Manager
by Brainhunter Systems,TalentFlow
by Talention,Talention
by Fit First Technologies International,TalentSorter
by TalentSwot,TalentSwot
by Workvine,Talentvine
by HelloWork,TantDetection
by Bridgeware Systems,TempsPlus
by BWSI,TempWizard
by Thrive,Thrive TRM
by TopDogHR,TopDogHR
by Traction on Demand,Traction Hire
by Recruitment Systems,TRIS
by True Software,True Talent
by UnicornAlpha Software,Unicorn ATS
by VHrsSaaS,VHRS
by WebCruiter,WebCruiter
by Vanuston Intelligence,WinRecruit
by Relational Systems,WinSearch
by Wirkn,Wirkn
by WorkTaps,WorkTaps
by YouAreHR.com,YouAreHR.com
by YouCruit,YouCruit
by Zenapply,Zenapply
by Xmplar Management Solutions,Zip TIGER
